nascetur,25
laoreet,22
vivamus,22
montes,22
hendrerit,21
quisque,21
praesent,21
purus,21
etiam,21
habitant,21
odio,20
fermentum,20
diam,20
tempus,20
tellus,20
sit,19
urna,19
a,19
curae,18
interdum,18
placerat,18
arcu,18
ante,18
rhoncus,18
vel,18
inceptos,18
venenatis,18
sapien,18
orci,18
duis,18
porttitor,17
netus,17
natoque,17
enim,17
donec,17
integer,17
mollis,17
dapibus,17
convallis,17
leo,17
dis,17
sociis,17
rutrum,17
vitae,16
dui,16
egestas,16
conubia,16
semper,16
eget,16
magnis,15
dolor,15
hac,15
vehicula,15
litora,15
lectus,15
nec,15
dictum,15
facilisis,15
cubilia,15
volutpat,14
in,14
eros,14
eu,14
ad,14
sodales,14
pulvinar,14
ac,14
maecenas,14
morbi,14
at,14
aliquam,14
habitasse,14
et,14
adipiscing,14
sagittis,13
hymenaeos,13
lorem,13
penatibus,13
non,13
erat,13
malesuada,13
ultricies,13
nullam,13
taciti,13
porta,13
suscipit,13
cum,13
luctus,13
feugiat,13
lacinia,13
torquent,13
nunc,13
eleifend,13
viverra,13
elit,13
velit,12
per,12
fringilla,12
ligula,12
vestibulum,12
neque,12
congue,12
aenean,12
turpis,12
faucibus,12
nibh,12
varius,12
posuere,12
cursus,12
blandit,12
nonummy,12
amet,12
risus,12
sociosqu,11
pretium,11
quam,11
bibendum,11
potenti,11
mauris,11
justo,11
mattis,11
consequat,11
pede,11
imperdiet,11
aptent,11
felis,11
platea,11
tristique,11
tempor,11
libero,11
ut,11
id,11
pharetra,11
est,11
senectus,11
nam,10
molestie,10
ultrices,10
accumsan,10
curabitur,10
lacus,10
aliquet,10
tincidunt,10
auctor,10
mus,10
sem,10
class,10
dignissim,10
parturient,10
ipsum,10
sed,10
mi,10
tortor,10
ridiculus,9
commodo,9
cras,9
iaculis,9
dictumst,9
vulputate,9
nostra,9
proin,9
quis,9
augue,9
facilisi,8
nisi,8
elementum,8
phasellus,8
euismod,8
metus,8
nisl,8
fames,8
massa,8
ornare,7
lobortis,7
nulla,7
fusce,7
primis,7
magna,5
gravida,5
MAIORES QUE 10,115
